date,TMAX,TMIN,energy_consumption,city,state,avg_temp,temp_range,day_of_week,is_weekend,month,season,temp_category,energy_pct_change
2026-01-06,40.1,38.12,2409000,Chicago,Illinois,39.11,1.980000000000004,Tuesday,False,1,Winter,<50°F,
2026-01-07,39.92,37.76,2285865,Chicago,Illinois,38.84,2.1600000000000037,Wednesday,False,1,Winter,<50°F,-5.111457036114575
2026-01-08,42.8,39.38,2301357,Chicago,Illinois,41.09,3.4199999999999946,Thursday,False,1,Winter,<50°F,0.6777303121575429
2026-01-09,42.8,39.2,2236969,Chicago,Illinois,41.0,3.5999999999999943,Friday,False,1,Winter,<50°F,-2.7978275426194243
2026-01-10,39.2,36.32,2168687,Chicago,Illinois,37.760000000000005,2.8800000000000026,Saturday,True,1,Winter,<50°F,-3.05243389604416
2026-01-11,38.12,35.78,2320787,Chicago,Illinois,36.95,2.3399999999999963,Sunday,True,1,Winter,<50°F,7.013460218095102
2026-01-12,39.74,36.86,2527323,Chicago,Illinois,38.3,2.8800000000000026,Monday,False,1,Winter,<50°F,8.899394903539193
2026-01-13,41.36,38.12,2444710,Chicago,Illinois,39.739999999999995,3.240000000000002,Tuesday,False,1,Winter,<50°F,-3.2687946890840647
2026-01-14,39.56,35.06,2418183,Chicago,Illinois,37.31,4.5,Wednesday,False,1,Winter,<50°F,-1.0850775756633735
2026-01-15,36.32,34.34,2703576,Chicago,Illinois,35.33,1.9799999999999969,Thursday,False,1,Winter,<50°F,11.801960397538158
2026-01-16,38.660000000000004,35.96,2734860,Chicago,Illinois,37.31,2.700000000000003,Friday,False,1,Winter,<50°F,1.1571341068274066
2026-01-17,36.32,34.16,2492427,Chicago,Illinois,35.239999999999995,2.1600000000000037,Saturday,True,1,Winter,<50°F,-8.864548825168384
2026-01-18,35.24,33.08,2566720,Chicago,Illinois,34.16,2.1600000000000037,Sunday,True,1,Winter,<50°F,2.9807492857363505
2026-01-06,46.76,43.7,1173636,Houston,Texas,45.230000000000004,3.059999999999995,Tuesday,False,1,Winter,<50°F,
2026-01-07,46.58,43.879999999999995,1183057,Houston,Texas,45.23,2.700000000000003,Wednesday,False,1,Winter,<50°F,0.802719071330471
2026-01-08,46.4,44.6,1191139,Houston,Texas,45.5,1.7999999999999972,Thursday,False,1,Winter,<50°F,0.683145444386879
2026-01-09,46.58,43.7,1175624,Houston,Texas,45.14,2.8799999999999955,Friday,False,1,Winter,<50°F,-1.3025348007243531
2026-01-10,43.879999999999995,40.28,1189505,Houston,Texas,42.08,3.5999999999999943,Saturday,True,1,Winter,<50°F,1.1807346566589327
2026-01-11,43.879999999999995,39.02,1221440,Houston,Texas,41.45,4.859999999999992,Sunday,True,1,Winter,<50°F,2.6847302028995212
2026-01-12,42.980000000000004,39.38,1246714,Houston,Texas,41.18000000000001,3.6000000000000014,Monday,False,1,Winter,<50°F,2.069197013361279
2026-01-13,42.08,39.74,1226216,Houston,Texas,40.91,2.3399999999999963,Tuesday,False,1,Winter,<50°F,-1.644162173521757
2026-01-14,44.239999999999995,40.64,1206239,Houston,Texas,42.44,3.5999999999999943,Wednesday,False,1,Winter,<50°F,-1.629158321209312
2026-01-15,42.8,39.2,1250388,Houston,Texas,41.0,3.5999999999999943,Thursday,False,1,Winter,<50°F,3.6600541020477717
2026-01-16,45.68,39.2,1218488,Houston,Texas,42.44,6.479999999999997,Friday,False,1,Winter,<50°F,-2.55120810500421
2026-01-17,42.44,39.2,1302479,Houston,Texas,40.82,3.239999999999995,Saturday,True,1,Winter,<50°F,6.893051060002242
2026-01-18,42.260000000000005,37.76,1329785,Houston,Texas,40.010000000000005,4.500000000000007,Sunday,True,1,Winter,<50°F,2.096463743369381
2026-01-06,39.56,38.3,447701,New York,New York,38.93,1.2600000000000051,Tuesday,False,1,Winter,<50°F,
2026-01-07,40.82,38.660000000000004,433147,New York,New York,39.74,2.1599999999999966,Wednesday,False,1,Winter,<50°F,-3.250830353293832
2026-01-08,41.0,39.56,415969,New York,New York,40.28,1.4399999999999977,Thursday,False,1,Winter,<50°F,-3.9658591655950537
2026-01-09,41.72,39.02,419015,New York,New York,40.370000000000005,2.6999999999999957,Friday,False,1,Winter,<50°F,0.7322661063684954
2026-01-10,41.36,39.02,402404,New York,New York,40.19,2.3399999999999963,Saturday,True,1,Winter,<50°F,-3.964297220863211
2026-01-11,40.46,38.12,405111,New York,New York,39.29,2.3400000000000034,Sunday,True,1,Winter,<50°F,0.6727070307452232
2026-01-12,39.38,37.58,442515,New York,New York,38.480000000000004,1.8000000000000043,Monday,False,1,Winter,<50°F,9.233025022771546
2026-01-13,40.64,38.3,425872,New York,New York,39.47,2.3400000000000034,Tuesday,False,1,Winter,<50°F,-3.761002451894291
2026-01-14,41.36,40.1,420051,New York,New York,40.730000000000004,1.259999999999998,Wednesday,False,1,Winter,<50°F,-1.3668426193785943
2026-01-15,40.46,36.32,444869,New York,New York,38.39,4.140000000000001,Thursday,False,1,Winter,<50°F,5.908330178954468
2026-01-16,38.12,35.96,465030,New York,New York,37.04,2.1599999999999966,Friday,False,1,Winter,<50°F,4.531895906435368
2026-01-17,39.02,37.58,434821,New York,New York,38.3,1.4400000000000048,Saturday,True,1,Winter,<50°F,-6.496140033976305
2026-01-18,38.48,37.4,435555,New York,New York,37.94,1.0799999999999983,Sunday,True,1,Winter,<50°F,0.16880509451016046
2026-01-06,44.6,40.82,102912,Phoenix,Arizona,42.71,3.780000000000001,Tuesday,False,1,Winter,<50°F,
2026-01-07,42.8,41.72,103223,Phoenix,Arizona,42.26,1.0799999999999983,Wednesday,False,1,Winter,<50°F,0.3021999378109541
2026-01-08,43.34,40.46,98859,Phoenix,Arizona,41.900000000000006,2.8800000000000026,Thursday,False,1,Winter,<50°F,-4.227739941679665
2026-01-09,42.8,39.56,102811,Phoenix,Arizona,41.18,3.239999999999995,Friday,False,1,Winter,<50°F,3.99761276160997
2026-01-10,43.7,39.02,99458,Phoenix,Arizona,41.36,4.68,Saturday,True,1,Winter,<50°F,-3.2613241773740143
2026-01-11,44.78,41.54,96866,Phoenix,Arizona,43.16,3.240000000000002,Sunday,True,1,Winter,<50°F,-2.606125198576281
2026-01-12,44.96,41.72,97255,Phoenix,Arizona,43.34,3.240000000000002,Monday,False,1,Winter,<50°F,0.4015856957033437
2026-01-13,45.86,40.82,97150,Phoenix,Arizona,43.34,5.039999999999999,Tuesday,False,1,Winter,<50°F,-0.10796360084314172
2026-01-14,46.58,40.64,97034,Phoenix,Arizona,43.61,5.939999999999998,Wednesday,False,1,Winter,<50°F,-0.11940298507462366
2026-01-15,46.22,42.260000000000005,98319,Phoenix,Arizona,44.24,3.9599999999999937,Thursday,False,1,Winter,<50°F,1.324278088092834
2026-01-16,46.04,41.0,95810,Phoenix,Arizona,43.519999999999996,5.039999999999999,Friday,False,1,Winter,<50°F,-2.5518973952135426
2026-01-17,45.68,40.28,94085,Phoenix,Arizona,42.980000000000004,5.399999999999999,Saturday,True,1,Winter,<50°F,-1.8004383676025415
2026-01-18,46.04,40.46,95617,Phoenix,Arizona,43.25,5.579999999999998,Sunday,True,1,Winter,<50°F,1.6283148217037802
2026-01-06,39.92,39.2,32674,Seattle,Washington,39.56,0.7199999999999989,Tuesday,False,1,Winter,<50°F,
2026-01-07,39.56,38.839999999999996,32056,Seattle,Washington,39.2,0.720000000000006,Wednesday,False,1,Winter,<50°F,-1.8914121319703714
2026-01-08,39.92,38.3,31889,Seattle,Washington,39.11,1.6200000000000045,Thursday,False,1,Winter,<50°F,-0.5209633142001513
2026-01-09,41.18,39.38,30277,Seattle,Washington,40.28,1.7999999999999972,Friday,False,1,Winter,<50°F,-5.05503465144721
2026-01-10,40.82,38.48,29142,Seattle,Washington,39.65,2.3400000000000034,Saturday,True,1,Winter,<50°F,-3.748720150609375
2026-01-11,41.18,39.74,28076,Seattle,Washington,40.46,1.4399999999999977,Sunday,True,1,Winter,<50°F,-3.6579507240409037
2026-01-12,41.54,40.28,28433,Seattle,Washington,40.91,1.259999999999998,Monday,False,1,Winter,<50°F,1.2715486536543752
2026-01-13,42.44,41.18,26859,Seattle,Washington,41.81,1.259999999999998,Tuesday,False,1,Winter,<50°F,-5.535821053001788
2026-01-14,41.54,40.46,27541,Seattle,Washington,41.0,1.0799999999999983,Wednesday,False,1,Winter,<50°F,2.539186120108705
2026-01-15,40.82,39.74,27990,Seattle,Washington,40.28,1.0799999999999983,Thursday,False,1,Winter,<50°F,1.630296648632945
2026-01-16,41.54,39.02,29295,Seattle,Washington,40.28,2.519999999999996,Friday,False,1,Winter,<50°F,4.662379421221874
2026-01-17,41.72,38.3,28566,Seattle,Washington,40.01,3.4200000000000017,Saturday,True,1,Winter,<50°F,-2.488479262672816
2026-01-18,41.0,37.76,29089,Seattle,Washington,39.379999999999995,3.240000000000002,Sunday,True,1,Winter,<50°F,1.8308478610935985
